site,Prob,model
1169,6.75E-05,XGB_prob
396,1.21E-05,XGB_prob
833,6.23E-05,XGB_prob
108,0.003911541,XGB_prob
491,0.000335448,XGB_prob
97,6.53E-05,XGB_prob
206,0.012443546,XGB_prob
791,0.037343659,XGB_prob
1169,0.063638844,XGB_prob
238,2.27E-05,XGB_prob
87,0.001832981,XGB_prob
517,0.000452189,XGB_prob
280,0.000471853,XGB_prob
415,0.151179373,XGB_prob
239,7.14E-05,XGB_prob
353,0.000405362,XGB_prob
186,0.004899188,XGB_prob
1169,0.005570083,XGB_prob
510,0.000597255,XGB_prob
369,0.058523167,XGB_prob
799,0.084446028,XGB_prob
230,0.000171864,XGB_prob
239,1.73E-05,XGB_prob
856,1.76E-05,XGB_prob
230,0.000151917,XGB_prob
1124,0.707937539,XGB_prob
699,8.82E-05,XGB_prob
253,0.000388321,XGB_prob
86,0.004360643,XGB_prob
1125,7.18E-05,XGB_prob
16,7.40E-06,XGB_prob
27,6.46E-06,XGB_prob
121,4.09E-05,XGB_prob
108,0.043235626,XGB_prob
156,0.00731792,XGB_prob
674,0.000992941,XGB_prob
115,8.76E-05,XGB_prob
25,0.050091676,XGB_prob
389,5.77E-05,XGB_prob
238,0.000226278,XGB_prob
185,6.51E-05,XGB_prob
130,0.004938578,XGB_prob
238,1.37E-05,XGB_prob
1027,0.074449919,XGB_prob
1169,2.13E-05,XGB_prob
229,5.32E-05,XGB_prob
1150,8.92E-05,XGB_prob
86,0.00079843,XGB_prob
160,0.006219777,XGB_prob
1167,0.003234691,XGB_prob
238,0.002232112,XGB_prob
239,2.01E-05,XGB_prob
206,0.000527008,XGB_prob
1165,3.51E-05,XGB_prob
1021,0.00653602,XGB_prob
406,0.000150114,XGB_prob
518,0.000251456,XGB_prob
1169,0.000943808,XGB_prob
797,0.022656778,XGB_prob
903,4.13E-06,XGB_prob
370,0.000174991,XGB_prob
90,0.001629219,XGB_prob
388,0.008815395,XGB_prob
699,0.001226559,XGB_prob
583,0.000207486,XGB_prob
1002,0.00293009,XGB_prob
346,2.12E-05,XGB_prob
188,9.90E-05,XGB_prob
54,0.000125271,XGB_prob
63,0.002625033,XGB_prob
239,0.000398406,XGB_prob
1169,0.000343267,XGB_prob
105,0.039535474,XGB_prob
52,0.000716773,XGB_prob
344,0.000491921,XGB_prob
239,0.000523866,XGB_prob
171,0.028393393,XGB_prob
238,0.00012829,XGB_prob
237,4.72E-06,XGB_prob
491,0.000285317,XGB_prob
783,0.000211599,XGB_prob
42,0.000104708,XGB_prob
1167,1.09E-05,XGB_prob
351,0.006022885,XGB_prob
817,3.14E-05,XGB_prob
182,1.15E-05,XGB_prob
760,0.000288268,XGB_prob
100,2.68E-05,XGB_prob
1149,0.002610278,XGB_prob
262,5.56E-05,XGB_prob
19,0.002360714,XGB_prob
239,9.00E-05,XGB_prob
1169,0.00236425,XGB_prob
28,3.79E-05,XGB_prob
69,8.38E-05,XGB_prob
82,1.13E-05,XGB_prob
102,0.000470191,XGB_prob
235,1.78E-05,XGB_prob
628,0.004099785,XGB_prob
620,4.06E-05,XGB_prob
144,6.64E-05,XGB_prob
194,1.74E-05,XGB_prob
465,0.001962549,XGB_prob
354,0.002234958,XGB_prob
767,0.126329899,XGB_prob
729,7.43E-05,XGB_prob
514,1.93E-05,XGB_prob
39,0.001587927,XGB_prob
1140,7.12E-05,XGB_prob
1168,0.001009497,XGB_prob
924,0.007749524,XGB_prob
66,0.098572344,XGB_prob
88,0.000322484,XGB_prob
239,0.019480679,XGB_prob
147,7.18E-06,XGB_prob
1167,0.001794481,XGB_prob
872,0.031693056,XGB_prob
257,0.00014328,XGB_prob
139,0.00020347,XGB_prob
108,0.000165296,XGB_prob
1169,0.000485757,XGB_prob
68,0.00034242,XGB_prob
239,0.856682122,XGB_prob
1142,0.000146917,XGB_prob
1168,0.001022694,XGB_prob
239,1.30E-05,XGB_prob
84,4.90E-05,XGB_prob
40,0.000246414,XGB_prob
44,0.000133527,XGB_prob
90,0.125937998,XGB_prob
1149,0.002051187,XGB_prob
47,0.000215356,XGB_prob
104,9.68E-06,XGB_prob
1169,0.00619769,XGB_prob
686,0.033300992,XGB_prob
206,0.001315818,XGB_prob
234,0.19774881,XGB_prob
235,4.82E-05,XGB_prob
24,8.93E-05,XGB_prob
140,9.84E-05,XGB_prob
381,7.19E-05,XGB_prob
708,5.80E-05,XGB_prob
1169,0.000121097,XGB_prob
329,0.008336038,XGB_prob
724,3.02E-06,XGB_prob
404,0.021444373,XGB_prob
595,2.00E-05,XGB_prob
239,0.002211136,XGB_prob
931,0.048007593,XGB_prob
38,0.000109844,XGB_prob
711,0.000156532,XGB_prob
287,0.000268216,XGB_prob
350,0.052116659,XGB_prob
1169,5.34E-05,XGB_prob
227,0.003112304,XGB_prob
532,0.130294606,XGB_prob
353,0.000279578,XGB_prob
238,0.000370444,XGB_prob
349,7.37E-05,XGB_prob
230,0.899377167,XGB_prob
517,7.83E-05,XGB_prob
1125,0.001515786,XGB_prob
273,0.008070908,XGB_prob
24,6.76E-05,XGB_prob
804,0.000371027,XGB_prob
497,0.000208665,XGB_prob
1169,0.07264936,XGB_prob
48,0.008100605,XGB_prob
346,0.035921503,XGB_prob
1169,0.026719332,XGB_prob
162,0.002654816,XGB_prob
90,1.58E-05,XGB_prob
194,0.000129715,XGB_prob
239,1.32E-06,XGB_prob
169,5.21E-06,XGB_prob
114,1.64E-05,XGB_prob
679,0.000174448,XGB_prob
284,9.98E-06,XGB_prob
98,0.000213902,XGB_prob
1159,0.009266038,XGB_prob
703,0.000246181,XGB_prob
104,0.000209019,XGB_prob
926,0.00011775,XGB_prob
73,0.000465415,XGB_prob
124,0.000110597,XGB_prob
32,0.022362499,XGB_prob
1168,0.04269651,XGB_prob
1169,0.088435508,XGB_prob
520,1.54E-05,XGB_prob
983,0.000226063,XGB_prob
702,0.000249894,XGB_prob
115,0.089626752,XGB_prob
88,0.001229598,XGB_prob
239,7.08E-05,XGB_prob
105,0.001337904,XGB_prob
60,0.000508918,XGB_prob
491,7.72E-06,XGB_prob
58,3.30E-05,XGB_prob
1124,2.10E-05,XGB_prob
893,0.087125264,XGB_prob
239,0.002599307,XGB_prob
1169,0.000117974,XGB_prob
236,0.003010063,XGB_prob
323,2.08E-05,XGB_prob
1169,2.11E-06,XGB_prob
107,0.001591446,XGB_prob
239,7.26E-05,XGB_prob
237,0.000121075,XGB_prob
488,0.002220125,XGB_prob
286,0.000796015,XGB_prob
1169,0.001760687,XGB_prob
1159,0.110306762,XGB_prob
1142,0.000427107,XGB_prob
1169,0.000157222,XGB_prob
239,1.18E-05,XGB_prob
216,0.00010266,XGB_prob
985,0.000203738,XGB_prob
253,0.001527086,XGB_prob
237,5.93E-05,XGB_prob
685,5.14E-06,XGB_prob
207,0.002303535,XGB_prob
17,2.82E-05,XGB_prob
239,0.001318838,XGB_prob
283,4.94E-05,XGB_prob
12,0.000149035,XGB_prob
1168,0.003396675,XGB_prob
900,0.061906908,XGB_prob
354,0.00060238,XGB_prob
253,0.000746353,XGB_prob
620,0.000355765,XGB_prob
92,0.000281359,XGB_prob
1169,3.79E-06,XGB_prob
620,9.66E-05,XGB_prob
1168,0.000473175,XGB_prob
45,0.00015615,XGB_prob
1151,0.000142021,XGB_prob
634,0.000133892,XGB_prob
1167,0.032602742,XGB_prob
439,0.000904423,XGB_prob
1165,5.55E-06,XGB_prob
1169,0.000706215,XGB_prob
61,0.000152866,XGB_prob
153,1.24E-05,XGB_prob
1169,0.000858628,XGB_prob
61,0.062895909,XGB_prob
772,6.58E-06,XGB_prob
227,8.87E-05,XGB_prob
746,0.001656158,XGB_prob
39,6.34E-05,XGB_prob
238,1.99E-05,XGB_prob
78,0.003106258,XGB_prob
532,0.000281122,XGB_prob
1151,1.80E-05,XGB_prob
1169,0.000483956,XGB_prob
238,1.34E-05,XGB_prob
565,0.0005641,XGB_prob
239,3.41E-05,XGB_prob
205,0.003118011,XGB_prob
536,8.34E-05,XGB_prob
112,2.74E-06,XGB_prob
203,0.007115379,XGB_prob
984,3.15E-05,XGB_prob
1160,0.000327998,XGB_prob
239,0.000213283,XGB_prob
1167,0.002626258,XGB_prob
1079,0.000221516,XGB_prob
1119,0.064525433,XGB_prob
27,7.45E-05,XGB_prob
399,2.46E-05,XGB_prob
92,0.000343463,XGB_prob
274,0.089175433,XGB_prob
47,0.086364724,XGB_prob
1126,0.00107627,XGB_prob
619,0.000414977,XGB_prob
239,7.49E-05,XGB_prob
239,1.69E-05,XGB_prob
296,5.64E-05,XGB_prob
311,0.004286217,XGB_prob
207,3.89E-05,XGB_prob
324,4.04E-05,XGB_prob
287,0.229261667,XGB_prob
235,6.28E-05,XGB_prob
239,4.01E-06,XGB_prob
103,0.003790345,XGB_prob
400,6.37E-06,XGB_prob
100,7.25E-05,XGB_prob
633,1.57E-05,XGB_prob
805,0.000319911,XGB_prob
76,0.000173546,XGB_prob
239,1.60E-05,XGB_prob
623,5.64E-05,XGB_prob
219,0.000109822,XGB_prob
92,9.42E-06,XGB_prob
104,0.006240889,XGB_prob
346,0.001929398,XGB_prob
235,1.38E-05,XGB_prob
207,0.000275812,XGB_prob
250,5.58E-05,XGB_prob
109,0.00081583,XGB_prob
192,0.000521604,XGB_prob
1169,0,RF_prob
396,0,RF_prob
833,0,RF_prob
108,0.06,RF_prob
491,0,RF_prob
97,0,RF_prob
206,0,RF_prob
791,0.09,RF_prob
1169,0.11,RF_prob
238,0,RF_prob
87,0.01,RF_prob
517,0,RF_prob
280,0.01,RF_prob
415,0.16,RF_prob
239,0,RF_prob
353,0,RF_prob
186,0.02,RF_prob
1169,0.01,RF_prob
510,0,RF_prob
369,0.03,RF_prob
799,0.12,RF_prob
230,0,RF_prob
239,0,RF_prob
856,0,RF_prob
230,0,RF_prob
1124,0.22,RF_prob
699,0.02,RF_prob
253,0,RF_prob
86,0,RF_prob
1125,0,RF_prob
16,0,RF_prob
27,0,RF_prob
121,0.03,RF_prob
108,0.17,RF_prob
156,0.01,RF_prob
674,0.06,RF_prob
115,0,RF_prob
25,0.02,RF_prob
389,0.01,RF_prob
238,0,RF_prob
185,0.01,RF_prob
130,0.01,RF_prob
238,0,RF_prob
1027,0.13,RF_prob
1169,0.01,RF_prob
229,0,RF_prob
1150,0,RF_prob
86,0,RF_prob
160,0.09,RF_prob
1167,0.04,RF_prob
238,0.06,RF_prob
239,0,RF_prob
206,0.01,RF_prob
1165,0,RF_prob
1021,0.02,RF_prob
406,0.02,RF_prob
518,0,RF_prob
1169,0.02,RF_prob
797,0.48,RF_prob
903,0,RF_prob
370,0,RF_prob
90,0,RF_prob
388,0.05,RF_prob
699,0.04,RF_prob
583,0.05,RF_prob
1002,0.02,RF_prob
346,0,RF_prob
188,0,RF_prob
54,0,RF_prob
63,0.02,RF_prob
239,0,RF_prob
1169,0.06,RF_prob
105,0.05,RF_prob
52,0,RF_prob
344,0,RF_prob
239,0.01,RF_prob
171,0,RF_prob
238,0,RF_prob
237,0,RF_prob
491,0,RF_prob
783,0.01,RF_prob
42,0.02,RF_prob
1167,0,RF_prob
351,0.09,RF_prob
817,0.01,RF_prob
182,0,RF_prob
760,0,RF_prob
100,0,RF_prob
1149,0.02,RF_prob
262,0,RF_prob
19,0.01,RF_prob
239,0,RF_prob
1169,0.06,RF_prob
28,0,RF_prob
69,0.01,RF_prob
82,0,RF_prob
102,0,RF_prob
235,0,RF_prob
628,0.08,RF_prob
620,0,RF_prob
144,0,RF_prob
194,0,RF_prob
465,0.05,RF_prob
354,0.04,RF_prob
767,0.37,RF_prob
729,0.04,RF_prob
514,0,RF_prob
39,0,RF_prob
1140,0,RF_prob
1168,0.04,RF_prob
924,0.11,RF_prob
66,0.35,RF_prob
88,0,RF_prob
239,0.04,RF_prob
147,0,RF_prob
1167,0.04,RF_prob
872,0.02,RF_prob
257,0.08,RF_prob
139,0,RF_prob
108,0,RF_prob
1169,0,RF_prob
68,0,RF_prob
239,0.34,RF_prob
1142,0,RF_prob
1168,0.01,RF_prob
239,0,RF_prob
84,0.02,RF_prob
40,0,RF_prob
44,0,RF_prob
90,0.16,RF_prob
1149,0,RF_prob
47,0,RF_prob
104,0,RF_prob
1169,0.06,RF_prob
686,0.02,RF_prob
206,0,RF_prob
234,0.21,RF_prob
235,0,RF_prob
24,0,RF_prob
140,0,RF_prob
381,0.01,RF_prob
708,0,RF_prob
1169,0,RF_prob
329,0.07,RF_prob
724,0,RF_prob
404,0.23,RF_prob
595,0,RF_prob
239,0,RF_prob
931,0.11,RF_prob
38,0,RF_prob
711,0,RF_prob
287,0,RF_prob
350,0.63,RF_prob
1169,0,RF_prob
227,0,RF_prob
532,0.08,RF_prob
353,0,RF_prob
238,0.02,RF_prob
349,0.02,RF_prob
230,0.22,RF_prob
517,0,RF_prob
1125,0,RF_prob
273,0,RF_prob
24,0,RF_prob
804,0.01,RF_prob
497,0.02,RF_prob
1169,0.13,RF_prob
48,0.01,RF_prob
346,0.1,RF_prob
1169,0.11,RF_prob
162,0.02,RF_prob
90,0,RF_prob
194,0,RF_prob
239,0,RF_prob
169,0,RF_prob
114,0,RF_prob
679,0,RF_prob
284,0,RF_prob
98,0,RF_prob
1159,0.03,RF_prob
703,0.01,RF_prob
104,0,RF_prob
926,0,RF_prob
73,0,RF_prob
124,0.01,RF_prob
32,0.18,RF_prob
1168,0.12,RF_prob
1169,0.13,RF_prob
520,0,RF_prob
983,0,RF_prob
702,0,RF_prob
115,0.26,RF_prob
88,0.07,RF_prob
239,0,RF_prob
105,0,RF_prob
60,0.02,RF_prob
491,0,RF_prob
58,0.01,RF_prob
1124,0,RF_prob
893,0.13,RF_prob
239,0.01,RF_prob
1169,0,RF_prob
236,0.01,RF_prob
323,0,RF_prob
1169,0,RF_prob
107,0.03,RF_prob
239,0,RF_prob
237,0.02,RF_prob
488,0,RF_prob
286,0.01,RF_prob
1169,0.02,RF_prob
1159,0.06,RF_prob
1142,0.01,RF_prob
1169,0,RF_prob
239,0,RF_prob
216,0,RF_prob
985,0,RF_prob
253,0.05,RF_prob
237,0,RF_prob
685,0,RF_prob
207,0.01,RF_prob
17,0,RF_prob
239,0.01,RF_prob
283,0,RF_prob
12,0.08,RF_prob
1168,0.03,RF_prob
900,0.07,RF_prob
354,0.02,RF_prob
253,0,RF_prob
620,0,RF_prob
92,0.01,RF_prob
1169,0,RF_prob
620,0.05,RF_prob
1168,0,RF_prob
45,0.01,RF_prob
1151,0,RF_prob
634,0,RF_prob
1167,0.09,RF_prob
439,0.04,RF_prob
1165,0,RF_prob
1169,0.05,RF_prob
61,0.01,RF_prob
153,0,RF_prob
1169,0,RF_prob
61,0.02,RF_prob
772,0,RF_prob
227,0,RF_prob
746,0.05,RF_prob
39,0,RF_prob
238,0,RF_prob
78,0.04,RF_prob
532,0,RF_prob
1151,0,RF_prob
1169,0.01,RF_prob
238,0,RF_prob
565,0,RF_prob
239,0,RF_prob
205,0,RF_prob
536,0,RF_prob
112,0,RF_prob
203,0.07,RF_prob
984,0,RF_prob
1160,0,RF_prob
239,0.02,RF_prob
1167,0,RF_prob
1079,0.05,RF_prob
1119,0.09,RF_prob
27,0,RF_prob
399,0,RF_prob
92,0,RF_prob
274,0.07,RF_prob
47,0.12,RF_prob
1126,0,RF_prob
619,0.02,RF_prob
239,0,RF_prob
239,0,RF_prob
296,0,RF_prob
311,0.03,RF_prob
207,0.01,RF_prob
324,0,RF_prob
287,0.24,RF_prob
235,0,RF_prob
239,0,RF_prob
103,0.02,RF_prob
400,0,RF_prob
100,0,RF_prob
633,0,RF_prob
805,0.02,RF_prob
76,0,RF_prob
239,0.02,RF_prob
623,0,RF_prob
219,0,RF_prob
92,0,RF_prob
104,0,RF_prob
346,0,RF_prob
235,0.02,RF_prob
207,0,RF_prob
250,0,RF_prob
109,0.02,RF_prob
192,0.03,RF_prob
1169,0.002361984,SVM_prob
396,0.0134637,SVM_prob
833,0.012268095,SVM_prob
108,0.083914657,SVM_prob
491,0.001226885,SVM_prob
97,0.001574646,SVM_prob
206,0.048298102,SVM_prob
791,0.080111297,SVM_prob
1169,0.089423819,SVM_prob
238,0.005777065,SVM_prob
87,0.031166874,SVM_prob
517,0.026656165,SVM_prob
280,0.044959307,SVM_prob
415,0.098972011,SVM_prob
239,0.006037565,SVM_prob
353,0.001760708,SVM_prob
186,0.021135735,SVM_prob
1169,0.187897965,SVM_prob
510,0.008672803,SVM_prob
369,0.078057974,SVM_prob
799,0.529346316,SVM_prob
230,0.005648177,SVM_prob
239,0.003453957,SVM_prob
856,0.00239853,SVM_prob
230,0.002819435,SVM_prob
1124,0.690778953,SVM_prob
699,0.011052924,SVM_prob
253,0.045891738,SVM_prob
86,0.022502886,SVM_prob
1125,0.007970088,SVM_prob
16,0.002615931,SVM_prob
27,0.00542738,SVM_prob
121,0.001634218,SVM_prob
108,0.340130064,SVM_prob
156,0.011465937,SVM_prob
674,0.043216638,SVM_prob
115,0.013132868,SVM_prob
25,0.074465104,SVM_prob
389,0.001712734,SVM_prob
238,0.003119637,SVM_prob
185,0.013527379,SVM_prob
130,0.03351892,SVM_prob
238,0.000130407,SVM_prob
1027,0.115042237,SVM_prob
1169,0.013967626,SVM_prob
229,0.004463258,SVM_prob
1150,0.00848295,SVM_prob
86,0.004897979,SVM_prob
160,0.029793384,SVM_prob
1167,0.092582272,SVM_prob
238,0.004677916,SVM_prob
239,0.003151596,SVM_prob
206,0.022144313,SVM_prob
1165,0.002930549,SVM_prob
1021,0.037206397,SVM_prob
406,0.018682405,SVM_prob
518,0.046556715,SVM_prob
1169,0.007938356,SVM_prob
797,0.056285591,SVM_prob
903,0.004594606,SVM_prob
370,0.004602069,SVM_prob
90,0.025734049,SVM_prob
388,0.017920378,SVM_prob
699,0.018799917,SVM_prob
583,0.00699823,SVM_prob
1002,0.024461059,SVM_prob
346,0.027111971,SVM_prob
188,0.036705324,SVM_prob
54,0.058403388,SVM_prob
63,0.015178998,SVM_prob
239,0.004415935,SVM_prob
1169,0.010227141,SVM_prob
105,0.271052056,SVM_prob
52,0.022618327,SVM_prob
344,0.00107747,SVM_prob
239,0.016024533,SVM_prob
171,0.282255683,SVM_prob
238,0.003386234,SVM_prob
237,0.001215671,SVM_prob
491,0.025780629,SVM_prob
783,0.012517647,SVM_prob
42,0.02842646,SVM_prob
1167,0.028660743,SVM_prob
351,0.070983391,SVM_prob
817,0.027214577,SVM_prob
182,0.000709376,SVM_prob
760,0.010975069,SVM_prob
100,0.043691332,SVM_prob
1149,0.023336868,SVM_prob
262,0.007548845,SVM_prob
19,0.007448241,SVM_prob
239,0.005253504,SVM_prob
1169,0.049269401,SVM_prob
28,0.004195709,SVM_prob
69,0.072595868,SVM_prob
82,0.060897722,SVM_prob
102,0.010513063,SVM_prob
235,0.000921281,SVM_prob
628,0.046844577,SVM_prob
620,0.00284771,SVM_prob
144,0.011033899,SVM_prob
194,0.002250642,SVM_prob
465,0.022421766,SVM_prob
354,0.007938541,SVM_prob
767,0.165198495,SVM_prob
729,0.002899088,SVM_prob
514,0.005344093,SVM_prob
39,0.031944498,SVM_prob
1140,0.047351108,SVM_prob
1168,0.098586511,SVM_prob
924,0.193058929,SVM_prob
66,0.089330276,SVM_prob
88,0.017644662,SVM_prob
239,0.527691841,SVM_prob
147,0.031648981,SVM_prob
1167,0.018268994,SVM_prob
872,0.13595673,SVM_prob
257,0.016614248,SVM_prob
139,0.001592387,SVM_prob
108,0.007958129,SVM_prob
1169,0.013097781,SVM_prob
68,0.014894413,SVM_prob
239,0.914255979,SVM_prob
1142,0.008161958,SVM_prob
1168,0.032966274,SVM_prob
239,0.000679244,SVM_prob
84,0.005425756,SVM_prob
40,0.061963782,SVM_prob
44,0.034082828,SVM_prob
90,0.328932626,SVM_prob
1149,0.0499475,SVM_prob
47,0.039142572,SVM_prob
104,0.003438361,SVM_prob
1169,0.089302029,SVM_prob
686,0.074408617,SVM_prob
206,0.039105167,SVM_prob
234,0.574599977,SVM_prob
235,0.004330691,SVM_prob
24,0.001427414,SVM_prob
140,0.006728747,SVM_prob
381,0.005385869,SVM_prob
708,0.005810217,SVM_prob
1169,0.007998746,SVM_prob
329,0.15435337,SVM_prob
724,0.003114853,SVM_prob
404,0.105497791,SVM_prob
595,0.005667705,SVM_prob
239,0.008435587,SVM_prob
931,0.169455809,SVM_prob
38,0.008370477,SVM_prob
711,0.060185388,SVM_prob
287,0.013555972,SVM_prob
350,0.279309495,SVM_prob
1169,0.008960539,SVM_prob
227,0.012820851,SVM_prob
532,0.382987138,SVM_prob
353,0.00110348,SVM_prob
238,0.006203006,SVM_prob
349,0.003649338,SVM_prob
230,0.92752052,SVM_prob
517,0.011214416,SVM_prob
1125,0.061401501,SVM_prob
273,0.053809661,SVM_prob
24,0.005220283,SVM_prob
804,0.013821781,SVM_prob
497,0.008624433,SVM_prob
1169,0.223291586,SVM_prob
48,0.044066084,SVM_prob
346,0.362226715,SVM_prob
1169,0.531438938,SVM_prob
162,0.041341936,SVM_prob
90,0.001397092,SVM_prob
194,0.006065861,SVM_prob
239,0.000247171,SVM_prob
169,0.000146193,SVM_prob
114,0.002495173,SVM_prob
679,0.017513389,SVM_prob
284,0.030845659,SVM_prob
98,0.001985876,SVM_prob
1159,0.022831337,SVM_prob
703,0.010349413,SVM_prob
104,0.003699186,SVM_prob
926,0.003573909,SVM_prob
73,0.042789624,SVM_prob
124,0.000588836,SVM_prob
32,0.089384176,SVM_prob
1168,0.07416644,SVM_prob
1169,0.069404437,SVM_prob
520,0.002877587,SVM_prob
983,0.007970915,SVM_prob
702,0.01263647,SVM_prob
115,0.18235597,SVM_prob
88,0.056845783,SVM_prob
239,0.019255388,SVM_prob
105,0.054414671,SVM_prob
60,0.064893543,SVM_prob
491,0.004928786,SVM_prob
58,0.002539659,SVM_prob
1124,0.003926471,SVM_prob
893,0.081892369,SVM_prob
239,0.008773587,SVM_prob
1169,0.003739463,SVM_prob
236,0.028795723,SVM_prob
323,0.027786814,SVM_prob
1169,0.02343984,SVM_prob
107,0.016945192,SVM_prob
239,0.007434529,SVM_prob
237,0.002285986,SVM_prob
488,0.03119259,SVM_prob
286,0.007316443,SVM_prob
1169,0.0127254,SVM_prob
1159,0.701305346,SVM_prob
1142,0.01127334,SVM_prob
1169,0.017392746,SVM_prob
239,0.028074215,SVM_prob
216,0.013562373,SVM_prob
985,0.003984019,SVM_prob
253,0.040314771,SVM_prob
237,0.014249975,SVM_prob
685,0.027011441,SVM_prob
207,0.015677393,SVM_prob
17,0.006085295,SVM_prob
239,0.004262498,SVM_prob
283,0.035930241,SVM_prob
12,0.00177995,SVM_prob
1168,0.069366858,SVM_prob
900,0.046774481,SVM_prob
354,0.01091752,SVM_prob
253,0.013380299,SVM_prob
620,0.0319837,SVM_prob
92,0.005886864,SVM_prob
1169,0.005521807,SVM_prob
620,0.016761926,SVM_prob
1168,0.024531265,SVM_prob
45,0.004632829,SVM_prob
1151,0.003508923,SVM_prob
634,0.003903576,SVM_prob
1167,0.243515161,SVM_prob
439,0.007559608,SVM_prob
1165,0.002694014,SVM_prob
1169,0.027026619,SVM_prob
61,0.077965403,SVM_prob
153,0.002207597,SVM_prob
1169,0.031520802,SVM_prob
61,0.028535047,SVM_prob
772,0.013765536,SVM_prob
227,0.001029648,SVM_prob
746,0.215322032,SVM_prob
39,0.006446168,SVM_prob
238,0.001866854,SVM_prob
78,0.012825638,SVM_prob
532,0.041917394,SVM_prob
1151,0.004057091,SVM_prob
1169,0.023105089,SVM_prob
238,0.000862335,SVM_prob
565,0.002879302,SVM_prob
239,0.001061747,SVM_prob
205,0.031756196,SVM_prob
536,0.005356124,SVM_prob
112,0.001530737,SVM_prob
203,0.038530415,SVM_prob
984,0.004592299,SVM_prob
1160,0.003272886,SVM_prob
239,0.017571196,SVM_prob
1167,0.012890903,SVM_prob
1079,0.005043781,SVM_prob
1119,0.156868848,SVM_prob
27,0.001372873,SVM_prob
399,0.037642312,SVM_prob
92,0.005239612,SVM_prob
274,0.095138648,SVM_prob
47,0.124033836,SVM_prob
1126,0.059516256,SVM_prob
619,0.042102462,SVM_prob
239,0.035914145,SVM_prob
239,0.010900586,SVM_prob
296,0.004989603,SVM_prob
311,0.085133144,SVM_prob
207,0.009774138,SVM_prob
324,0.009270525,SVM_prob
287,0.607233693,SVM_prob
235,0.001157136,SVM_prob
239,0.002564195,SVM_prob
103,0.019674814,SVM_prob
400,0.008110221,SVM_prob
100,0.006954116,SVM_prob
633,0.003061312,SVM_prob
805,0.043305437,SVM_prob
76,0.003187439,SVM_prob
239,0.000939931,SVM_prob
623,0.005658959,SVM_prob
219,0.002153869,SVM_prob
92,0.003073512,SVM_prob
104,0.130397674,SVM_prob
346,0.089340041,SVM_prob
235,0.048216841,SVM_prob
207,0.002100091,SVM_prob
250,0.001299942,SVM_prob
109,0.011218623,SVM_prob
192,0.006368796,SVM_prob