kmer,label,coverage
ACTAC,0,26917
ACTAC,1,3118
ACTGG,0,12301
ACTGG,1,1549
ACTTC,0,18476
ACTTC,1,2268
AGTAC,0,25652
AGTAC,1,3172
AGTTC,0,2318
AGTTC,1,315
CATCA,0,15045
CATCA,1,2006
CATCC,0,42294
CATCC,1,5311
CATCG,0,35221
CATCG,1,4394
CATCT,0,22359
CATCT,1,2724
CATGA,0,46279
CATGA,1,5644
CATGC,0,2322
CATGC,1,315
CATGG,0,5687
CATGG,1,783
CATGT,0,8060
CATGT,1,982
CCTAC,0,14231
CCTAC,1,1776
CCTGA,0,113849
CCTGA,1,13684
CCTGC,0,82205
CCTGC,1,10362
CCTGG,0,27104
CCTGG,1,3458
CCTGT,0,8289
CCTGT,1,1077
CCTTC,0,20367
CCTTC,1,2581
CGTGA,0,26254
CGTGA,1,3411
CGTGC,0,25100
CGTGC,1,3269
CGTGG,0,153182
CGTGG,1,17790
CTTCA,0,20726
CTTCA,1,2572
CTTCC,0,12981
CTTCC,1,1578
CTTCG,0,52003
CTTCG,1,6457
CTTCT,0,29431
CTTCT,1,3724
GATCA,0,60484
GATCA,1,7211
GATCC,0,44337
GATCC,1,4760
GATCG,0,44315
GATCG,1,5409
GATCT,0,4910
GATCT,1,593
GATGA,0,2086
GATGA,1,230
GATGT,0,5192
GATGT,1,601
GCTAC,0,36806
GCTAC,1,4550
GCTGA,0,21046
GCTGA,1,2535
GCTGC,0,69514
GCTGC,1,8221
GCTGG,0,72187
GCTGG,1,8450
GCTGT,0,15339
GCTGT,1,1929
GCTTC,0,25950
GCTTC,1,3257
GGTAC,0,4003
GGTAC,1,509
GGTGA,0,18304
GGTGA,1,1973
GGTGC,0,61912
GGTGC,1,7222
GGTGG,0,72112
GGTGG,1,8956
GGTGT,0,23451
GGTGT,1,2643
GGTTC,0,16636
GGTTC,1,2109
GTTCA,0,17292
GTTCA,1,2187
GTTCC,0,12589
GTTCC,1,1600
GTTCG,0,26519
GTTCG,1,2950
GTTCT,0,2319
GTTCT,1,315
TCTAC,0,4151
TCTAC,1,548
TCTGC,0,4949
TCTGC,1,593
TCTTC,0,50145
TCTTC,1,6220
TGTAC,0,8535
TGTAC,1,1022
TGTGC,0,12227
TGTGC,1,1612
TGTTC,0,39714
TGTTC,1,4622
